test;@addmefast085;1477477981;http://www.amazon.com/gp/product/B01LZ7ZMG2¬†‚Ä¶;0;0;0;
Graviola Cancer;@GraviolaCancer2;1477407817;We do not sell graviola products, but we have had great personal feedback from our followers from 2 graviola... http://fb.me/3XOZPndWd¬†;0;0;0;
Daily Health Post;@dailyhealthpost;1477405268;Graviola Fruit Destroys Cancer Cells With 'Lethal Precision' http://bit.ly/28WR1gl¬†;0;5;4;
Graviola Trees;@GraviolaTrees;1477324937;Why Haven‚Äôt We Cured Cancer Yet? [Infographic] http://ow.ly/66FQ505JJS6¬†;0;0;0;
Graviola Trees;@GraviolaTrees;1477234939;Getting Better is a short documentary that explores three remarkable stories of medical progress: Cancer,... http://fb.me/89LVTDcs1¬†;0;0;0;
Bionaturista France;@BionaturistaFR;1477234077;J'aime une vid√©o @YouTube de @bionaturistafr¬†- graviola et cancer http://youtu.be/QVOL4EScfRw?a¬†;0;0;0;
the book of jobson;@abstrusivo;1477192384;@lurdsmila @derelictione E A M√ÉE DA MULHER TAVA COM C√ÇNCER E PEDIU P/ MOZY IR L√Å LEVAR SUCO DE GRAVIOLA P/ ELA tipo wtf;2;0;0;
a vida √© hostil;@lurdsmila;1477192239;@derelictione descobri a cura do cancer no whatsapp: graviola;2;0;1;
Xande;@xandemad_;1477160895;kisuco de graviola tem sabor c√¢ncer;0;0;0;
¬†üî• CATCHING FIRE ¬†üî•;@HugoTiburcio_;1477103535;Graviola com leite https://twitter.com/joshdalla/status/789640365129302017¬†‚Ä¶;0;0;0;
Graviola Cancer;@GraviolaCancer2;1477062208;Are you a tea drinker? Check out this video on how to make soursop tea. https://www.youtube.com/watch?v=-Rm545dCMG4¬†‚Ä¶http://fb.me/4XTQhKVvQ¬†;0;0;0;
Graviola Cancer;@GraviolaCancer2;1476997658;The Cure for Cancer Is Data‚ÄîMountains of Data http://ow.ly/56sw505EjkX¬†http://fb.me/7GmHQptmS¬†;0;0;1;
maria elisabete;@elisabetepened1;1476921500;Gostei de um v√≠deo do @YouTube http://youtu.be/ZlygSlWB5Oc?a¬† A fruta mais poderosa que a graviola Cura C√¢ncer;0;0;0;
Moacir Soares;@moacirsoaresCTB;1476905044;Como usar as folhas de graviola para combater o c√¢ncer, diabetes e mais de uma dezena de doen√ßas! http://fb.me/UIu4PWNm¬†;0;0;0;
seri;@heavenstreet1;1476811854;Graviola as an anti-cancer potent- A Disputed Study - Star Style World http://fb.me/7HdOxKAYS¬†;0;0;0;
a vida √© hostil;@lurdsmila;1476807035;acabei de receber um memorando aqui dizendo que graviola cura o cancer;1;0;1;
Laboratorio El Mana;@Lab_ElMana;1476730923;Prevenir el c√°ncer de mama esta en tus manos, la Graviola es un alimento nutritivo, rico en vitaminas, minerales,... http://fb.me/RWGwrwLO¬†;0;0;1;
Nigerian doctors;@HealthFolk;1476706431;Tanzania: Graviola Was to Save My Aunt From #cancer, It Didn't http://ift.tt/2exMmok¬† #nghlth;0;0;0;
The Citizen Tanzania;@TheCitizenTZ;1476702165;Graviola was to save my aunt from cancer, it didn‚Äôt My aunt Gemima* (not her real name) had just retired as a... http://fb.me/2Bxi4iEp8¬†;0;0;0;
afriloc french;@intelligenceled;1476695742;Graviola was to save my aunt from cancer, it didn‚Äôt http://ift.tt/2el3WHf¬†;0;0;0;
SIVALDO DOS ANJOS S.;@sivaldodosanjos;1476581934;Gostei de um v√≠deo @YouTube http://youtu.be/ZlygSlWB5Oc?aA¬† fruta mais poderosa que a graviola Cura C√¢ncer;0;0;0;
Djehuty Ma'at-Ra;@DMHerbs;1476557453;GRAVIOLA herb - 10,000 times more potent and effective for cancer (than chemotherapy) without adverse side effects!;0;7;26;
seri;@heavenstreet1;1476403209;Graviola as an anti-cancer potent- A Disputed Study http://fb.me/1sd16RY0E¬†;0;0;0;
Emporyum Academia;@EmporyumAcademy;1476402799;Voc√™ sabia que a graviola √© um tratamento natural contra o c√¢ncer?? Pois √©!!! Saiba mais em nosso blog. Clique na... http://fb.me/1DAIDxQY7¬†;0;0;0;
jones guerra;@jonesguerra;1476323157;A GRAVIOLA tamb√©m j√° muito usada pelos Mexicanos, que importam a fruta do Brasil, √≥tima para tratamento de cancer;1;0;0;
Zoran Bocevski;@ZoranBocevski;1476220804;Stunning Graviola juice with a miracle health benefits. http://healthyfoodsecret.com/graviola-juice-stunning-health-benefits-miracle-juice/¬†‚Ä¶ #cancer #diabetes #weightloss #health #healthcarepic.twitter.com/xDbAM6nlZn;0;0;0;
Forever Living;@Forever_ch;1476192770;Graviola o Guan√°bana ‚Äì La Fruta qu√© cura El C√°ncer.-: √Årbol peque√±o que llega a alcanzar‚Ä¶ http://goo.gl/fb/hE9ckj¬†;0;0;0;
Maria Goreth;@mariagoreth;1476131603;Curing Cancer With Mountain Graviola http://fb.me/PQDmuZG0¬†;0;0;0;
Maria Goreth;@mariagoreth;1476131566;Curing Cancer With Mountain Graviola: With the continuous need for less damaging and more affordable treatmen... http://bit.ly/2dKYsI6¬†;0;0;0;
NEW YORK FLOWERS;@nyflowers1;1476101449;Graviola o guan√°bana- Una fruta que lucha contra el Cancer http://fb.me/Uz85jKFs¬†;0;0;0;
George Botten;@GABComputers;1476099754;Soursop, Graviola, Guyabano - The miracle cure for cancer http://fb.me/5TWCcCDN2¬†;0;0;0;
George Botten;@GABComputers;1476099698;Soursop (Graviola) for Anti-Cancer: The Truth About this Amazon Rainforest Breakthrough http://fb.me/1yHtkureB¬†;0;0;0;
Dapo Akinwumiju;@Chief_Dapo;1476090584;U.K.: up to 50% of cancer patients are killed by the Chemo and NOT the cancer. #cannabisOil #graviola #legaliseit #WeThePeople;0;0;2;
Angela Sales;@AngelaRSales;1476037760;Como usar as folhas de graviola para combater o c√¢ncer, diabetes e mais de uma dezena de doen√ßas! http://fb.me/PK3FnncL¬†;0;0;0;
Ian Dumphreys;@dumphreys;1476032201;Soursop Leaves Kill Cancer Cells 1,000 Times Faster Than Chemo: Soursop, or also known as Graviola, is the fr... http://bit.ly/2e1Ghww¬†;0;0;0;
Costavolcano Chile;@CostavolcanoLab;1476027595;#Graviola #FormulaC #TratamientoInterativo #Costavolcano #QuimioterapiaNatural #cancer... http://fb.me/4ukVTjidh¬†;0;0;0;
Costavolcano Chile;@CostavolcanoLab;1476025454;#Graviola pura contra el #cancer #Costavolcano http://costavolcano.bootic.net/products/Graviola¬†‚Ä¶ http://fb.me/8ckvgG7cn¬†;0;0;0;
Marcelo Amorim;@marcelo_amordim;1475965147;@Jesse_217 @brunofaked pro v√≠deo ficar mais feio s√≥ o palha√ßo falar q graviola cura o c√¢ncer e quimioterapia √© td mentira;0;0;2;
Graviola Trees;@GraviolaTrees;1475938975;Testimonial: "To all those out there fighting cancer, I am proof that graviola works. May 2011 I was diagnosed... http://fb.me/8gebH8yxW¬†;0;0;0;
Forever Living;@Forever_ch;1475933651;Graviola o Guan√°bana ‚Äì La Fruta qu√© cura El C√°ncer.-: √Årbol peque√±o que llega a alcanzar‚Ä¶ http://goo.gl/fb/M4eynm¬†;0;0;0;
iri hodgson;@IriHodgson;1475892921;Graviola | Soursop | Fruit - A Natural Cancer Cell Killer | presented by... https://youtu.be/LICiOm7xbzs¬† via @YouTube;0;0;0;
Laboratorio El Mana;@Lab_ElMana;1475682948;Prevenir el c√°ncer de mama esta en tus manos, la Graviola es un alimento nutritivo, rico en vitaminas, minerales,... http://fb.me/1zO2kRWKu¬†;0;1;1;
Juares Calado;@Juares_Calado;1475526745;Tenho um p√© igual no meu quintal. Aproveitando a deixa, indicio suco de graviola e jabuticaba com casca, para combater c√¢ncer de pr√≥stata. https://twitter.com/cynaramenezes/status/783039200962678784¬†‚Ä¶;0;1;4;
Graviola Trees;@GraviolaTrees;1475507059;PubMed: Graviola's Anti cancer activity, an exciting medicinal plant extract vs various cancer cell lines and a... http://fb.me/1C1DjK6U7¬†;0;0;0;
IDECO terapias;@idecoterapias;1475426164;GOD'S FOOD, GRAVIOLA CURES CANCER http://pinterest.com/pin/316729786278367664/¬†‚Ä¶;0;0;0;
Costavolcano Chile;@CostavolcanoLab;1475287259;#Graviola contra el #cancer #Costavolcano #quimioterapiaNAtural #tratamientoIntegrativo #FormulaC... http://fb.me/7BxBudXwZ¬†;0;0;0;
Sa√∫de Pelas Plantas;@Saudepelasplant;1475173970;Adicionei um v√≠deo a uma playlist @YouTube http://youtu.be/76WHt1ecS14?aSa¬†√∫de Pelas Plantas - Graviola [c√¢ncer, diabetes, hipertens√£o,;0;0;0;
sunflowerdance;@paramofsunflowe;1475125629;Happy news ! My good friend who was making sour sop or graviola juice for cancer patients, has now expended his... http://fb.me/7OHzoJmEk¬†;0;0;0;
Jmarie brock;@ciivitas;1475117214;Soursop (Graviola) for Anti-Cancer: The Truth About this Amazon Rainfore... https://youtu.be/BDOfXC_r_cU¬† via @YouTube;0;0;0;
Naty J.;@Spikerix;1475083551;@Noticiero9 Muy bueno el informe sobre la #graviola, la planta q cur√≥ a mi mam√° del c√°ncer junto con la moringa :D ojal√° lo suban a su web.;0;0;0;
Naty J.;@Spikerix;1475082915;@Noticiero9 Muy bueno el informe sobre la #graviola, planta q cur√≥ a mi mam√° del c√°ncer y desde entonces siempre la recomiendo, s√∫banlo plis;0;0;0;
Pekinha;@Pekasabe;1475079073;@nevesvictor @SAULODURANS mamae √© assim sai pesquisa q graviola previne cancer : ela compra 134 polpas e planta um p√©;1;0;2;
sweetie;@sweetieO7;1475070944;¬øPuede realmente la graviola curar el c√°ncer? [Pregunta a MedCiencia] http://www.omicrono.com/2013/02/puede-realmente-la-graviola-curar-el-cancer-pregunta-a-medciencia/¬†‚Ä¶ v√≠a @omicrono;0;1;1;
Notorious Jag;@NotoriousJagg;1475068884;Health benefits of soursop #soursop #graviola #guanabana #fruit #exotic #health #wellness #healthy #cancer #natural #nature #cure #healingpic.twitter.com/g9FLURgqNA;0;0;0;
ConsumerLab.com;@ConsumerLab;1474981877;What is #graviola? Can it really help fight #cancer? See @ConsumerLab's answer: http://tiny.cc/1mf7ey¬†pic.twitter.com/hdg2JnvywH;0;0;0;
Daily Health Post;@dailyhealthpost;1474912082;Graviola Fruit Destroys Cancer Cells With 'Lethal Precision' http://bit.ly/28WR1gl¬†;0;1;1;
Asmaa Elsherbini;@shirbinee;1474880639;Graviola Tree and Paw Paw Treatments - Alternative Cancer Treatments https://www.cancertutor.com/graviola/#.V-jkd9A4UoA.twitter¬†‚Ä¶;0;0;0;
Mynahcare;@mynahcare;1474864665;Herb #Graviola More Effective Than #Chemotherapy In #Cancer? #CancerResearch #healthcare Read : http://bit.ly/2dl8Zfz?tw¬†pic.twitter.com/awHHP7fEli;0;2;1;
Cancer Society;@Cancer_Society1;1474861949;Graviola, a Natural Cancer Remedy https://cancersocietyofamerica.org/donate/¬†pic.twitter.com/xh4o9FkntY;1;2;3;
Nutryer;@BioNutryer;1474857192;O fant√°stico poder da graviola no combate ao c√¢ncer... http://fb.me/2OrZnt8Oe¬†;0;0;0;
Juninho Nolasco;@IvanJunior_13;1474730809;Esse Pepa Graviola √© um c√¢ncer;0;0;2;
Maria Perez;@Mariasenyal1;1474723259;Graviola, planta para combatir el c√°ncer http://www.imujer.com/salud/5280/graviola-planta-para-combatir-el-cancer?utm_source=Twitter&utm_medium=WidgetUp&utm_campaign=Sharing¬†‚Ä¶ v√≠a @iMujer;0;0;0;
Matrix M;@matrixmenagero;1474660905;Graviola - a plant that cures cancer http://healthisinourhands.blogspot.com/2012/02/graviola-plant-that-cures-cancer.html#.V-WKIgR80T8.twitter¬†‚Ä¶;0;0;0;
Graviola Trees;@GraviolaTrees;1474643017;Cats Claw and Graviola: Rainforest Herbs Which Eliminate Cancer and Lessen Chemotherapy Side Effects... http://fb.me/PWWxUPtv¬†;0;0;0;
Lu;@llrlitoral;1474642353;Fica C√£omigo: C√¢ncer em c√£es e o poder da Graviola. http://www.ficacaomigo.com/2016/07/caes-com-cancer-e-o-poder-da-graviola.html?spref=tw¬†‚Ä¶;0;0;0;
Angel Law;@waituen;1474604075;Graviola - Herb Which Cure Cancer - Health, Fitness, Lifestyle http://fb.me/2MiG3Ytq5¬†;0;0;0;
Costavolcano Chile;@CostavolcanoLab;1474594494;#Graviola contra el #cancer #Costavolcano #quimioterapiaNAtural #tratamientoIntegrativo #FormulaC... http://fb.me/5kjw1Mt4V¬†;0;0;0;
Fooly God Sakyo;@ChrissaSJE;1474593424;Ay if you know anybody fighting cancer tell em to go their nearest vitamin shop and get some Graviola. Look that shit up, b.;0;1;0;
JB Bardot;@jbbardot23;1474577227;Wonder Fruit Soursop Graviola More Effective And Safer Than Chemo Kills Cancer Dead - http://go.shr.lc/2d4xQ3W¬† via @shareaholic;0;0;0;
Power Dicas e Tutori;@WilsonFausto38;1474485274;Suco de folhas de graviola desintoxica e ajuda a combater c√¢ncer - PcD http://portalpcdonline.blogspot.com.br/2015/01/suco-de-folhas-de-graviola-desintoxica.html#.V-LcGCSOLlI.twitter¬†‚Ä¶;0;0;0;
Property RussellChai;@PRussellChai;1474472453;The graviola fruit can destroy cancer cells without adverse side-effects and is considered a viable cancer cure.... http://fb.me/4V0wRleIP¬†;0;0;0;
Now de Venezuela;@NowdeVenezuela;1474463918;Graviola, √∫til en el tratamiento contra el c√°ncer. pic.twitter.com/WJH8fUjCr0;0;1;0;
Daily Superfood Love;@DailySuperFood;1474387501;Ongoing studies show that graviola, also known as soursop has cancer treatment potential. #beatcancer;0;0;0;
Costavolcano Chile;@CostavolcanoLab;1474327826;#graviola contra el #cancer #anticancerigeno #QuimioterapiaNatural #Acetogeninas #Costavolcano... http://fb.me/1iUDlgZvW¬†;0;0;0;
Fercho Rojas;@milferojasv;1474183671;Graviola o guan√°bana- Una fruta que lucha contra el Cancer http://fb.me/88CQQy9H6¬†;0;0;0;
Natural Medicine;@NatMedicineTeam;1474051338;Graviola is 10.000 Times More Powerful Than Chemo, It Kills Cancer And Saves Lives: http://youtu.be/G8eFmDKDGlA?a¬† via @YouTube;0;0;1;
NU3CLUB;@nutreeclub;1474033280;Grape Seed Extract and Graviola Fruit Destroy Colorectal Cancer http://nu3club.com/2016/08/03/grape-seed-extract-and-graviola-fruit-destroy-colorectal-cancer/¬†‚Ä¶ via @nutreeclub;0;0;0;
Cynthia Mohammed;@BilqisMohammed;1474025643;Natural Cancer Remedies Documented> IV Vitamin C, B17, DMSO, Graviola, Whole Body Hyperthermia, Corioius Versicolor,Galvanotherapy;0;0;0;
Sophie J-St.Vie;@Sjvie26;1473778217;the-sweet-life-ja: Soursop :: A Natural Cancer Killer Extracts from the miraculous Graviola tree are... https://tmblr.co/ZrwNJl2C21Izq¬†;0;0;0;
Botanical-online;@BotanicalOnline;1473751490;GUAN√ÅBANA O GRAVIOLA CONTRA EL C√ÅNCER: La guan√°bana o graviola es una fruta con propiedades antitumorales. El... http://fb.me/5tgkt3qz8¬†;0;0;1;
Matrix M;@matrixmenagero;1473708425;Graviola - a plant that cures cancer | Health is in our hands http://healthisinourhands.blogspot.com/2012/02/graviola-plant-that-cures-cancer.html#.V9cBgeUA10Y.twitter¬†‚Ä¶;0;1;0;
JUNIOR # BETA;@AntnioTrajanoJ2;1473643663;A fruta mais poderosa que a graviola Cura C√¢ncer https://youtu.be/ZlygSlWB5Oc¬† via @YouTube;0;0;0;
Mboq Jamu;@MboqJamu;1473596346;Check out 500 gram / 1 Kg Organic Guyabano Soursop Leaves (Guanabana Graviola) #Cancer http://www.ebay.com/itm/500-gram-1-Kg-Organic-Guyabano-Soursop-Leaves-Guanabana-Graviola-/272359586656?roken=cUgayN&soutkn=cN1KKb¬†‚Ä¶ via @eBay;0;0;0;
Graviola Trees;@GraviolaTrees;1473433400;Rick G. House, General Manager of Liver Cancer Cure Now, announced "graviola has been proven to cure cancer."... http://fb.me/F59fafEH¬†;0;0;0;
Costavolcano Chile;@CostavolcanoLab;1473384015;la #Graviola cura el #cancer? http://costavolcano.blogspot.cl/2015/03/la-graviola-cura-el-cancer.html¬†‚Ä¶ http://fb.me/12NySk9zM¬†;0;1;0;
Miguel;@miguelvazquezz;1473206158;Graviola, milagro natural para la cura del c√°ncer - http://mejorconsalud.com/graviola-milagro-natural-para-cura-del-cancer/¬†‚Ä¶ v√≠a @mejorconsalud;0;1;1;
Javier Castro Ruiz;@JavierGraviola;1472869831;@javierasuarez Nosotros tenemos una soluci√≥n de tratamiento natural contra el c√°ncer, se llama Graviola y no posee efectos secundarios!!!;0;0;0;
Javier Castro Ruiz;@JavierGraviola;1472690750;Testimonio - De Castro... Rodel Vargas tom√≥ graviola debido a c√°ncer renal y Su marido por‚Ä¶ https://www.instagram.com/p/BJyy6wUA9pm/¬†;0;0;0;
Zoran Bocevski;@ZoranBocevski;1472650787;Do you know what Graviola had in the prevention and treatment of cancer http://healthyfoodsecret.com/graviola-its-on-the-top-of-the-list/¬†‚Ä¶ #health #cancer pic.twitter.com/KFLqVdUfoe;0;0;0;
Lu;@llrlitoral;1472566239;Combate ao C√¢ncer (Folha da Graviola) https://youtu.be/cfNh8QsCpDw¬† via @YouTube;0;0;0;
sunflowerdance;@paramofsunflowe;1472407900;SOURSOP OR GRAVIOLA FRUIT AND DECOCTION FROM ITS LEAVES HELP CURE CANCER ALONG WITH AVOIDING OF COOKED FOODS AND... http://fb.me/5QaHV0czA¬†;0;0;0;
TheGideonTree;@GideonWayne;1472396081;Amazing anti-cancer properties of the Graviola tree extensively researched--why haven‚Äôt you heard anything about it? http://mobile.dudamobile.com/site/preventdisease/default?url=http%3A%2F%2Fpreventdisease.com%2Fnews%2F12%2F022112_Sour-Sop-Fruit-100-Fold-Stronger-At-Killing-Cancer-Than-Chemotherapy.shtml#2965¬†‚Ä¶;0;0;0;
JN EmBi;@embimonec;1472390289;@Regrann from @likecureslike - Besides being a cancer remedy, graviola is a broad spectrum‚Ä¶ https://www.instagram.com/p/BJp114KgZg5/¬†;0;0;0;
Eugenia Reboll;@ereboll;1472340991;Guan√°bana o graviola contra el c√°ncer https://twitter.com/NaturopatasCol/status/769525390234771456¬†‚Ä¶;0;0;0;
VICNW;@VICNWCanada;1472331665;Soursop (Graviola) for Anti-Cancer: The Truth About this Amazon Rainforest Breakthrough http://ow.ly/FI5I303BXxf¬†;0;0;0;
Mirrorspectrum;@mirrorspectrum;1472324589;http://mirrorspectrum.com/life/leaves-of-soursop-effective-way-to-kill-cancer-cells¬†‚Ä¶ Leaves of Soursop: Effective way to kill cancer cells #cancercells #graviola pic.twitter.com/X4X1Dxnyv2;0;0;0;
Adam Bishop;@adammbishop;1472322391;My home care nurse (an actual RN) is hocking graviola as a cure for cancer. Sorry dude, surgery and pharmaceuticals are my cultural heritage;0;0;3;
lhoussine asserraji;@lhoussine;1472281637;THE CURE FOR ANY KINDS OF CANCER THIS MAN EARNESTLY MAINTAINS THAT THERE IS A FRUIT KNOWN AS GRAVIOLA WHICH HE... http://fb.me/83XOmseUZ¬†;0;0;0;
naiyanesanders;@Sandra_apenas;1472255457;Graviola e o c√¢ncer! https://youtu.be/X8E7lRMi3AM¬† via @YouTube;0;0;0;
Franklin Allbright;@talon1812;1472196014;@Bccrew34 take graviola extract. It helps cure cancer. Less than $10 a bottle on E-bay and Amazon. Good Luck!;0;0;0;
